{"cameraMode":{"drawMode":0,"name":"Shaded","section":"Shading Mode"},"sceneLighting":false,"audioPlay":false,"sceneViewState":{"showFog":true,"showMaterialUpdate":false,"showSkybox":false,"showFlares":true,"showImageEffects":true,"showParticleSystems":true},"in2DMode":false,"pivot":{"x":-0.0028033554553985597,"y":0.812950849533081,"z":0.019458338618278505},"rotation":{"x":-0.0009349450701847673,"y":0.9957391619682312,"z":-0.09167628735303879,"w":-0.01015565451234579},"size":1.0554372072219849,"orthographic":false}