{"cameraMode":{"drawMode":0,"name":"Shaded","section":"Shading Mode"},"sceneLighting":false,"audioPlay":false,"sceneViewState":{"showFog":true,"showMaterialUpdate":false,"showSkybox":false,"showFlares":true,"showImageEffects":true,"showParticleSystems":true},"in2DMode":false,"pivot":{"x":0.0010117888450622559,"y":0.7975345849990845,"z":0.018967755138874055},"rotation":{"x":-0.0009349450701847673,"y":0.9957391619682312,"z":-0.09167628735303879,"w":-0.01015565451234579},"size":1.0711158514022828,"orthographic":false}